x,y,sum,runtime
1.0,4.0,5.0,0.4048565998673439
1.0,5.0,6.0,0.5121639999561012
1.0,6.0,7.0,0.6137807001359761
2.0,4.0,6.0,0.8125793000217527
2.0,5.0,7.0,1.0122218998149037
3.0,4.0,7.0,1.2153874998912215
